symbol,call,signal_date,close,rsi10,sma200,level_025,level_075
ALPHAGEO,LONG,2026-10-07,254.3,25.39,230.01,254.0,254.2
ASIANHOTNR,LONG,2026-10-07,330.25,28.31,312.5,330.81,330.44
CARYSIL,LONG,2026-10-07,1007.5,29.97,1004.31,1024.38,1013.12
CELLO,SHORT,2026-10-07,390.65,80.19,407.63,372.84,384.71
CEMPRO,LONG,2026-10-07,1137.8,26.81,971.24,1157.45,1144.35
CTE,LONG,2026-10-07,37.02,29.83,34.26,36.92,36.99
DELPHIFX,SHORT,2026-10-07,7.31,80.39,10.36,7.31,7.31
FLEXITUFF,SHORT,2026-10-07,3.19,84.96,6.79,3.19,3.19
GIPCL,LONG,2026-10-07,171.86,26.93,158.21,174.22,172.65
GLAXO,LONG,2026-10-07,2634.0,28.19,2510.53,2728.5,2665.5
GPTHEALTH,LONG,2026-10-07,146.34,22.8,142.8,147.58,146.75
HAPPYFORGE,LONG,2026-10-07,1934.3,28.72,1512.53,1976.08,1948.23
INGERRAND,LONG,2026-10-07,4115.3,27.01,4078.43,4126.92,4119.17
JAIPURKURT,SHORT,2026-10-07,28.5,74.97,30.24,28.12,28.38
LEMONTREE,SHORT,2026-10-07,112.52,73.91,117.23,110.48,111.84
LGHL,SHORT,2026-10-07,215.12,72.61,239.55,224.78,218.34
LYKALABS,LONG,2026-10-07,74.3,28.77,67.89,73.85,74.15
MANYAVAR,LONG,2026-10-07,500.2,28.91,460.45,505.6,502.0
MBEL,SHORT,2026-10-07,290.6,75.07,304.66,263.9,281.7
MBLINFRA,SHORT,2026-10-07,25.06,72.8,25.75,25.67,25.26
MEDANTA,LONG,2026-10-07,1294.1,24.35,1239.97,1298.52,1295.57
NEPHROPLUS,LONG,2026-10-07,641.6,26.81,610.3,640.4,641.2
ORTEL,LONG,2026-10-06,1.7,9.65,1.68,1.7,1.7
PARSVNATH,SHORT,2026-10-07,2.25,96.56,5.23,2.25,2.25
PIRAMALFIN,LONG,2026-10-07,1981.5,27.87,1950.67,2008.88,1990.62
POLYPLEX,LONG,2026-10-07,1023.3,29.7,956.22,1027.05,1024.55
PRICOLLTD,LONG,2026-10-07,661.25,16.32,631.29,676.06,666.19
RUBICON,LONG,2026-10-07,1575.6,27.95,1150.55,1591.5,1580.9
SETUINFRA,LONG,2026-10-07,0.48,23.49,0.47,0.49,0.48
SHAHALLOYS,LONG,2026-10-07,80.56,28.59,71.63,82.35,81.15
SIGIND,LONG,2026-10-07,61.19,25.32,53.32,62.85,61.74
SIMBHALS,SHORT,2026-10-07,7.77,71.89,8.14,7.77,7.77
SUVEN,LONG,2026-10-07,305.55,28.29,242.13,308.14,306.41
THYROCARE,LONG,2026-10-07,513.05,26.68,485.13,527.56,517.89
TICL,SHORT,2026-10-07,8.99,77.09,18.1,8.99,8.99
TIIL,LONG,2026-10-07,2715.4,16.57,2532.04,2797.97,2742.92
TVSMOTOR,LONG,2026-10-07,3926.0,26.64,3768.66,3968.6,3940.2
VIJIFIN,LONG,2026-10-07,13.01,23.53,6.35,13.01,13.01
VIVIMEDLAB,SHORT,2026-10-07,6.59,72.84,7.38,6.59,6.59
